"rendering","num_components","components","num_apis","apis"
"AirportParking","10","AirportParking | ParkingCard | ParkingDetailsPopup | ParkingListPopup | SelectedAirportParkingCard | common | components | icons | stores | useStore","0",""
"AirportParkingErrorPopup","4","AirportParkingValidationErrorPopup | common | useMediaQuery | useStore","0",""
"AirportParkingNotAvailablePopup","4","AirportParkingNotAvailablePopup | common | useMediaQuery | useStore","0",""
"AlertInformation","4","AlertInformation | common | useMediaQuery | useStore","0",""
"AlertMessages","3","AlertInformation | icons | useStore","0",""
"AlternativeBoardsPopup","5","AltBoardsPopupSkeleton | AlternativeBoardsPopup | common | components | useStore","0",""
"AlternativeFlights","7","AlternativeFlightsFilters | AlternativeFlightsList | FlightCard | common | components | icons | useStore","0",""
"AmazonConnectChat","0","","0",""
"AmendBookingHeroBanner","3","DestinationBreadcrumbs | common | useStore","0",""
"AmendDates","11","AmendDates | AmendmentBasket | CalendarSkeleton | SummaryHeader | WarningPopup | common | components | icons | static | useMediaQuery | useStore","0",""
"AmendDatesSummary","34","AmendBasketHeaderPrice | AmendDates | AmendDatesBreadcrumbs | AmendDatesSummary | AmendDatesSummaryFee | AmendDatesSummaryFlight | AmendDatesSummaryFlightItem | AmendDatesSummaryFooter | AmendDatesSummaryHotel | AmendDatesSummaryPrices | AmendDatesSummaryRoom | AmendDatesSummarySeats | AmendDatesSummarySeatsBags | AmendDatesSummaryTransport | AmendFlights | AmendSummaryBasket | AmendSummaryBasketCell | AmendSummaryStickyHeader | AmendmentBasket | BasketCellItem | BoardTypes | DestinationBreadcrumbs | SeatAndBags | SeatsSummary | Transfer | ViewBooking | WarningPopup | common | components | hoc | icons | static | useMediaQuery | useStore","1","cmsUrls"
"AmendDatesUnavailablePopup","2","common | useStore","0",""
"AmendFlights","14","AlternativeFlights | AmendAlternativeFlights | AmendFlightCard | AmendFlightCardActions | AmendFlights | AmendmentBasket | NoAvailableFlightsPopup | OtherDepartureAirportsPopup | amendErrateMessages | common | components | icons | useMediaQuery | useStore","0",""
"AmendFlightsUnavailablePopup","3","AmendFlightsUnavailablePopup | common | useStore","0",""
"AmendHotel","18","AlternativeHotelsHeader | AlternativeHotelsList | AmendHotel | AmendHotelFilters | AmendHotelOfferCardFooter | AmendHotelsFiltersWrap | AmendmentBasket | BoardTypes | HotelDetails | OfferExtras | SearchResults | ViewBooking | YourHotelCard | common | components | icons | useMediaQuery | useStore","1","cmsUrls"
"AmendHotelSummary","6","AmendHotelSummary | AmendRoomAndBoardPopup | AmendmentBasket | common | useMediaQuery | useStore","0",""
"AmendHotelsUnavailablePopup","2","common | useStore","0",""
"AmendPassengers","17","AmendGuestCard | AmendGuestCardActions | AmendGuestCardCantChangeTooltip | AmendGuestCardFooter | AmendGuestCardName | AmendPassengers | AttentionPopup | CharacterChangeWarning | ErrorPopup | PageLeavePopUp | common | icons | static | stores | useEffectIfTruthy | useStore | validation","0",""
"AmendPayment","36","AmendCheckingChangesLoader | AmendFlightsDetails | AmendHotel | AmendHotelDetails | AmendPayNowHeader | AmendPayNowPrices | AmendPayment | AmendPaymentAccordion | AmendPaymentItemContainer | AmendPaymentPriceDivider | AmendPaymentRoomAndBoardDetails | AmendPaymentSummaryErrors | AmendPaymentTransferDetails | AmendSeatsDetails | AmendTransfers | AmendmentPayNow | AmendmentPayNowPrices | Flight | Payment | PaymentOptionAddToBalance | PaymentOptionsFull | PromoCodeDetails | RefundOptions | WarningPopup | amendPayNowHeader | amendPayment | amendPaymentMeta | amendPaymentRemind | amendSummaryErrors | common | components | icons | paymentOptionPrice | refundOptions | useMediaQuery | useStore","0",""
"AmendPaymentHeader","6","AmendPayment | AmendPaymentHeader | common | icons | useGoBack | useStore","0",""
"AmendPaymentSummary","10","AmendPayment | AmendPaymentSummary | AmendPaymentSummaryDetailsWrapper | AmendmentViewBookingCost | FeesPopup | Payment | common | components | static | useStore","0",""
"AmendRoomAndBoard","10","AmendRoomAndBoard | AmendRoomAndBoardFooter | AmendRoomAndBoardHeader | AmendmentBasket | common | hoc | icons | static | useMediaQuery | useStore","1","cmsUrls"
"AmendRoomAndBoardPopup","10","AmendBoardSkeleton | AmendRoomAndBoard | AmendRoomAndBoardPopup | AmendRoomSkeleton | booking | common | components | logging | store | useMediaQuery","0",""
"AmendRoomAndBoardUnavailablePopup","2","common | useStore","0",""
"AmendTransfers","13","AmendFlights | AmendTransferCard | AmendTransfers | AmendTransfersShimmer | AmendmentBasket | Transfer | ViewBooking | common | components | icons | useMediaQuery | usePrivateTransferDurationDiff | useStore","1","cmsUrls"
"AmendTransfersUnavailablePopup","2","common | useStore","0",""
"AmendmentBasket","13","AmendHotel | DatesBasket | FlightsBasket | HotelBasket | MobileBasket | RoomAndBoardBasket | TransfersBasket | common | components | icons | useClickOutside | useMediaQuery | useStore","1","cmsUrls"
"AnimationTiles","9","ActivePanel | AnimationTile | AnimationTiles | FrontPanel | common | components | icons | useMediaQuery | useStore","0",""
"AssistedTravelForm","19","AgreeDisagree | AssistedTravelForm | ConfirmationCheckbox | CustomerSelectionSection | DynamicFormSection | FormHeader | InfoOnly | IntroductionSection | LoadingState | Popup | QuestionHeader | SectionWrapper | SummarySection | booking | common | components | icons | useChatbotTracking | useStore","0",""
"AttentionMessage","3","AttentionMessage | common | icons","0",""
"AttentionPopup","2","AttentionPopup | common","0",""
"BannerWithBreadcrumbs","3","BannerWithBreadcrumbs | DestinationBreadcrumbs | common","0",""
"Basket","24","Basket | BasketFirstCell | BasketPriceCell | BasketPriceCellOffers | BasketPriceCellPrice | BasketSecondCell | BasketThirdCell | BasketVerticalCells | BoardTypes | NavigationTabs | PromocodeBanner | SearchResults | SummaryBar | common | components | creditManagement | cro | hoc | icons | useAnchorScrollTracker | useMediaQuery | usePrevious | usePriceLabels | useStore","0",""
"BoardTypes","12","AmendRoomAndBoardPopup | BoardCard | BoardList | BoardSection | BoardSectionButton | BoardTypeActionButton | BoardTypes | BoardTypesDrawer | common | components | icons | useStore","1","cmsUrls"
"BookedAirportParking","4","BookedAirportParking | common | icons | useStore","0",""
"BookingConfirmation","6","Payment | ViewBooking | common | static | useChatbotTracking | useStore","0",""
"BookingContextProvider","3","common | useStore | viewBooking","0",""
"BookingDownloadBanner","10","BookingDownloadBanner | BookingRefDropdownContent | BookingReferencesDropdown | BookingReferencesDropdownItem | DropdownContent | common | components | icons | useMediaQuery | useStore","0",""
"BookingHeroBanner","4","BookingHeroBanner | booking | common | useStore","1","cmsUrls"
"BookingPrivacy","3","common | icons | useStore","0",""
"BookingToolbar","5","BookingToolbar | common | icons | useMediaQuery | useStore","0",""
"BookingTransitionScreen","6","BookingCard | BookingTransitionScreen | bookingTransitionScreen | common | components | useStore","0",""
"Breadcrumbs","6","Breadcrumbs | common | components | icons | useBreadcrumbs | useStore","0",""
"BreadcrumbsStatic","3","BreadcrumbsStatic | common | icons","0",""
"Bundles","2","common | useStore","0",""
"CabinBags","15","CabinBags | CabinBagsActionPanel | CabinBagsBanners | CabinBagsDropdown | CabinBagsPricePanel | CabinBagsRouteInfo | IncludedBagsRow | LCBAddedRow | LCBIsNotAddedRow | common | components | icons | useLuxuryInternalFlight | useMediaQuery | useStore","0",""
"CabinBagsValidationPopup","3","CabinBagsValidationPopup | common | useStore","0",""
"CancelBooking","14","AmendPayment | CancelBooking | CancellationAccordion | CancellationConfirmation | CancellationErrorPopup | RefundOptionPopup | RefundOptions | RefundOptionsOTUC | common | components | icons | useChatbotTracking | useMediaQuery | useStore","0",""
"CancelBookingHeader","3","CancelBookingHeader | common | useStore","0",""
"CancellationBreakdown","4","CancellationBreakdown | common | icons | useStore","0",""
"CancellationUnavailableBanner","3","CancellationUnavailableBanner | common | useStore","0",""
"CardsWithLinks","3","PromoBlocks | common | useStore","0",""
"ChangeFeeInfo","9","ChangeFeeInfo | ChangeFeeInfoDesktop | ChangeFeeInfoMobile | common | components | icons | useClickOutside | useMediaQuery | useStore","0",""
"ChangeFeeTooltipMobile","5","ChangeFeeInfo | ChangeFeeTooltipMobile | common | icons | useStore","0",""
"Chatbot","4","components | useMount | usePrevious | useStore","0",""
"CheckInBanner","3","CheckInBanner | common | useStore","0",""
"ClaimForm","8","ClaimForm | ClaimFormItem | ClaimFullOverviewPopup | ItemsColumn | common | components | icons | useStore","0",""
"CollapsibleLinksModule","9","CollapsibleLinks | CollapsibleLinksModule | LinksList | ToggleButton | common | components | icons | useMediaQuery | useStore","0",""
"CompareDeals","12","CompareDeals | CompareStore | ComparisonTable | DynamicCell | HotelDetails | SearchResults | common | components | icons | stores | useMediaQuery | useStore","0",""
"ComparePriceModule","11","AlternativeFlights | ComparePriceButton | ComparePriceContent | ComparePriceFooter | ComparePriceInfoPopup | ComparePriceModule | ComparePriceTouristTax | common | components | icons | useStore","1","cmsUrls"
"ContactUs","15","ContactForm | ContactFormFieldset | ContactUs | ContactUsStore | CurrentlyOnHolidayPopUp | FakeDatePicker | common | components | data | helpCenter | icons | useMediaQuery | useReCaptcha | useStore | validation","0",""
"ContactUsBanner","9","ContactUsBanner | ContactUsChannel | ContactUsPopup | common | components | hoc | icons | useMediaQuery | useStore","0",""
"ContentModal","3","ContentModal | common | useStore","0",""
"CountdownBanner","9","Countdown | CountdownBanner | GenericHeroBanner | SearchpodCountdownBanner | UseCodeTag | common | components | useMediaQuery | useStore","0",""
"CreateAccount","7","CreateAccount | GuestDetails | common | components | icons | useReCaptcha | useStore","0",""
"CreateAccountPopup","4","CreateAccount | common | components | useStore","0",""
"CreditConfirm","10","BoardTypes | CreditConfirm | DestinationBreadcrumbs | HotelDetails | Payment | common | components | icons | useStore | viewBooking","1","cmsUrls"
"CreditExpiresBanner","5","CreditExpiresBanner | HolidayCredit | common | useMediaQuery | useStore","0",""
"CrisisBanner","5","CrisisBannerPopup | common | components | useMediaQuery | useStore","0",""
"CustomersFeedback","11","CustomerFeedbackCard | CustomersFeedback | CustomersFeedbackCarousel | FeedbacksStore | StarRatingNew | common | components | reviews | store | useMediaQuery | useStore","0",""
"DatePickerTab","7","DatePickerSubTab | DatePickerTab | InspireMeTabs | MonthPickerSubTab | common | components | useStore","0",""
"DealsDestinations","9","DealsDestinationTile | DealsDestinations | DealsDestinationsGroupCard | common | components | icons | offers | usePrevious | useStore","0",""
"DealsPromoTiles","5","DealsPromoTiles | common | components | offers | useStore","0",""
"DepartureAirport","8","DepartureAirport | DepartureAirportPill | InspireMeTabs | common | components | icons | useMount | useStore","0",""
"DestinationHighlights","7","DestinationHighlightsCard | DestinationHighlightsCarousel | DestinationHighlightsTabs | common | components | icons | useStore","1","cmsUrls"
"DestinationHub","4","DestinationHub | common | components | useStore","1","cmsUrls"
"DestinationInfoBlock","4","DestinationInfoBlock | TextBlock | common | useStore","0",""
"DestinationsCarousel","7","DestinationCard | DestinationCarousel | DestinationsCarousel | SliderButtonsGroup | common | hoc | useStore","0",""
"DisruptionBanner","2","common | useStore","0",""
"EasyJetCustomer","2","EasyJetCustomer | common","0",""
"EcoCertified","2","common | useStore","0",""
"EntryQuizTab","5","EntryQuizTab | InspireMeTabs | common | useMediaQuery | useStore","0",""
"ErrorTab","5","ErrorTab | InspireMeTabs | common | useMediaQuery | useStore","0",""
"Excursions","9","ExcursionCarousel | ExcursionItem | Excursions | common | components | excursions | icons | useMediaQuery | useStore","0",""
"ExpandableMobileBanner","2","ExpandableMobileBanner | common","0",""
"ExperimentWrapper","0","","0",""
"ExportButtons","7","ExportButtons | PosterContent | common | components | useAgentLogo | usePoster | useStore","0",""
"ExportHolidayDetails","12","BookingQuoteLogos | ExportHolidayDetails | ExtrasLayout | Payment | PriceSummary | TradePortalViewBooking | Transfer | common | components | useAgentLogo | usePoster | useStore","0",""
"ExternalExtrasBanner","4","ExternalExtrasBanner | common | icons | useStore","0",""
"ExtrasPopup","7","ExtraItemContent | ExtrasPopup | common | components | icons | useMediaQuery | useStore","0",""
"FastTrackAndSpeedyBoarding","3","FastTrackAndSpeedyBoarding | common | useStore","0",""
"FeaturedHotels","14","ButtonGroup | FeaturedHotelCard | FeaturedHotelCardInfo | FeaturedHotels | FeaturedHotelsCarousel | FeaturedHotelsTwoRows | LivePrice | common | components | hoc | icons | useMediaQuery | usePriceLabels | useStore","0",""
"FeedbackBanner","4","FeedbackBanner | common | icons | useStore","0",""
"FeedbackPopup","7","FeedbackPopup | FeedbackScaleItem | common | components | helpCenter | icons | useStore","1","cmsUrls"
"FeefoWidget","5","FeefoWidget | cro | hoc | useScrollDirection | useStore","1","cmsUrls"
"FeesPopup","3","FeesPopup | common | useStore","0",""
"FinalQuizTab","3","FinalQuizTab | InspireMeTabs | common","0",""
"FullWidthBanner","6","BannerKeySellingPoint | BannerWithKeySellingPoints | FullWidthBanner | common | components | useStore","0",""
"GenericHeroBanner","8","BoxWithRoundel | GenericHeroBanner | HeroBannerLightboxWithRoundel | HeroBannerMultiMessage | HeroBannerUnboundedBrand | common | useMediaQuery | useStore","0",""
"GenericRecommendedHotels","3","common | offers | useStore","0",""
"GridBanners","2","GridBanners | common","0",""
"GuestDetails","21","EmailVerification | EmailVerificationSignIn | GuestAddressSection | GuestDetails | GuestDetailsBlock | GuestDetailsConfirmation | GuestDetailsFull | GuestDetailsHeader | GuestDetailsSkeleton | GuestPageInformation | GuestSection | Payment | SpecialOffers | SpecialOffersBlock | common | components | icons | section | useReCaptcha | useStore | validation","1","getWepApiUri"
"HealthEntryRequirements","3","common | components | useStore","1","cmsUrls"
"Help","11","FAQ | FaqRating | Help | MobileBackButton | QuestionAndAnswer | QuestionsAnswers | common | helpCenter | icons | useMediaQuery | useStore","0",""
"HelpLinks","6","HelpLink | HelpLinks | common | components | icons | useStore","0",""
"HeroCarousel","3","CountdownBanner | GenericHeroBanner | hoc","0",""
"HeroSectionWrapper","1","HeroSectionWrapper","0",""
"HoldLuggage","12","BottomAlert | HoldLuggage | HoldLuggageBanners | HoldLuggageExtras | HoldLuggageHeader | HoldLuggageRow | IHoldLuggageFields | common | components | icons | useLuxuryInternalFlight | useStore","1","cmsUrls"
"HoldLuggageInfoBanner","3","HoldLuggageInfoBanner | common | useStore","0",""
"HoldLuggageOptions","5","HoldLuggageOptions | HoldLuggagePopup | HoldLuggageSection | common | useStore","0",""
"HoldLuggagePopup","13","ControlsHoldLuggagePopup | HoldLuggage | HoldLuggageCancelPopup | HoldLuggageInfoLabel | HoldLuggagePopup | HoldLuggagePopupActions | HoldLuggagePopupContent | IncludedBagsHoldLuggagePopup | OptionItemHoldLuggagePopup | common | components | icons | useStore","1","cmsUrls"
"HolidayCredit","21","BalanceHistory | BalanceHistoryChip | BalanceHistoryDesktopItem | BalanceHistoryDesktopSubItem | BalanceHistoryItemDrawer | BalanceHistoryMobileItem | BalanceHistoryMobileSubItem | CreditConfirm | CreditItemInfo | ExpirationDate | HolidayCredit | PriceChanged | QuestionAndAnswer | balanceCard | common | components | creditTypeItems | holidayCredit | icons | useMediaQuery | useStore","1","cmsUrls"
"HolidayThemeTab","7","HolidayThemeTab | InspireMeTabs | common | icons | useMediaQuery | useMount | useStore","0",""
"HolidayWithConfidence","5","ConfidencePopupListItem | HolidayWithConfidence | common | components | icons","0",""
"HolidaysUnder","4","HolidaysUnder | common | icons | useStore","0",""
"HotelBrowsePageSchema","1","useStore","0",""
"HotelDetails","39","FacilitiesContent | FacilitiesListGroup | FacilitiesLists | FacilitiesTabPanel | FacilitiesTabs | FacilitiesTabsList | FacilitiesTabsPanels | FacilityGroup | FacilityGroupItems | FacilityItem | FacilityItemFood | FeaturedFacilitiesItem | FeaturedFacilitiesTitle | FullScreenImageCarousel | HotelDetails | HotelImageCarousel | HotelImageCarouselEditMode | HotelImageCarouselShimmer | HotelImageCarouselSidebar | HotelImageCarouselThumbnails | HotelInfoShimmer | HotelRating | ImagesSortPopup | LuxuryImageCarousel | ResortInfoBlock | SearchResults | Shortlists | TripadvisorInfo | common | components | cro | icons | offers | useCarouselTracking | useIsMounted | useMediaQuery | usePriceLabels | useShouldRenderVideo | useStore","8","cmsUrls | shareUrls | shareUrls.email | shareUrls.facebook | shareUrls.hotukdeals | shareUrls.sms | shareUrls.twitter | shareUrls.whatsapp"
"HotelDetailsMobileBasket","6","AmendmentBasket | AttentionPopup | HotelDetailsMobileBasket | common | useMediaQuery | useStore","0",""
"HotelEditableFields","1","useStore","0",""
"HotelPoster","7","ExportButtons | HotelDetailsLayout | HotelPoster | common | components | icons | useStore","0",""
"HotelReviews","13","RatingBarItem | RatingCategoryItem | Review | ReviewsDrawer | ReviewsList | TripAdvisorCertificates | common | components | hoc | icons | reviews | useMediaQuery | useStore","0",""
"HotelSummary","8","HotelSummary | HotelSummaryDetails | HotelSummaryPreview | common | components | icons | useMediaQuery | useStore","1","cmsUrls"
"HotelsWithReviews","5","HotelDetails | HotelItem | HotelsWithReviews | common | useStore","0",""
"IECompatibilityBanner","2","HtmlBlock | hoc","0",""
"InformationTiles","5","InformationTiles | common | components | useMediaQuery | useStore","0",""
"InspireMeBanner","3","InspireMeBanner | common | useStore","0",""
"InspireMeTabs","4","InspireMeTabs | ProgressBar | useMediaQuery | useStore","0",""
"IntroBlock","1","TextBlock","0",""
"ItinerarySummary","21","GetDirectionsPopup | HotelDetails | ItineraryAirport | ItineraryFeature | ItineraryFlight | ItineraryHotel | ItineraryItem | ItineraryItemSubtitle | ItinerarySummary | ItineraryTransfer | TransferDescriptionItem | TransferInstructionsPopup | VehicleInfo | ViewBooking | WarningPopup | common | components | hoc | icons | useMediaQuery | useStore","0",""
"LanguageSelector","9","LanguageOption | LanguageSelector | LanguageSelectorButton | LanguageSelectorForm | LanguageSelectorPopup | common | components | useIsMounted | useStore","0",""
"LateCheckout","5","LateCheckoutPopup | common | components | icons | useStore","0",""
"LineSeparator","1","LineSeparator","0",""
"ListedItems","3","ListedItem | Listeditems | common","0",""
"LivePrice","6","LivePrice | common | icons | offers | useHolidaysDestinationPageTypeName | useStore","0",""
"LoginForm","8","CreateAccountSection | LoginForm | common | components | icons | useReCaptcha | useStore | validation","0",""
"LogoCarousel","8","LogoCarousel | LogoCarouselContentCard | LogoCarouselImage | common | components | hoc | useMediaQuery | useStore","0",""
"LuggageForLuxurySeriesFlight","5","LuggageForLuxurySeriesFlight | TextBlock | common | useLuxuryInternalFlight | useStore","0",""
"ManageBooking","3","ManageBooking | common | useStore","0",""
"Map","7","DestinationMap | HotelLocation | common | hotels | icons | useHolidaysDestinationPageTypeName | useStore","0",""
"MapPointsOfInterest","12","IMapPointsOfInterest | MapPOIContent | MapPointsOfInterest | MobilePOIDrawerContent | SinglePointCard | common | components | icons | offers | useMapPointsOfInterest | useMediaQuery | useStore","0",""
"MarketingResearchUnsubscribe","4","common | logging | useStore | user","0",""
"MasonryCarousel","11","HotelDetails | MasonryCarousel | MasonryItem | MasonryItemName | common | components | icons | useIsMounted | useMediaQuery | usePriceLabels | useStore","0",""
"MasonryWrapper","3","MasonryWrapper | hoc | useMediaQuery","0",""
"MasonryWrapperItem","1","useMediaQuery","0",""
"MediaCarousel","1","icons","1","cmsUrls"
"MediaCenter","20","ArticleCard | ArticleMetaData | ArticlesLoadingSkeleton | CalendarFilterDesktop | CalendarFilterDrawer | DateFilter | DestinationBreadcrumbs | LatestNews | MediaCenter | MediaCenterFilters | PredefinedTimePeriods | PressReleaseResults | SearchResults | SelectMonthYear | TopicLink | common | components | icons | useMediaQuery | useStore","1","cmsUrls"
"MediaVideo","4","MediaVideo | common | useShouldRenderVideo | useStore","0",""
"MerchandisingAlertBanner","4","common | hoc | icons | useStore","0",""
"MerchandisingBanner","0","","1","cmsUrls"
"NeedHelpPopup","3","NeedHelpPopup | WarningPopup | useStore","0",""
"NeedToKnow","6","HotelDetails | NeedToKnow | common | components | icons | useStore","0",""
"NotAvailableBlock","2","common | useStore","1","cmsUrls"
"NotFoundBlock","6","FlipCard | FlipCardLine | NotFoundFlipText | components | icons | useStore","0",""
"NotFoundTab","5","DealsDestinations | InspireMeTabs | NotFoundTab | common | useStore","0",""
"NotLoggedInBanner","2","common | useStore","0",""
"OurWorkCarousel","5","OurWorkCarousel | OurWorkCarouselCard | common | components | icons","0",""
"PageHeroBanner","14","FloatingBanner | FloatingBannerTitle | FloatingUnavailableBanner | PageHeroBanner | StaticBanner | StaticBannerTitle | StaticUnavailableBanner | common | components | icons | offers | useMediaQuery | usePrevious | useStore","0",""
"PartnershipComponent","4","common | components | static | useStore","0",""
"PaxMixPopup","5","PaxMixPopup | common | useMediaQuery | useStore | useSubmitSearchParameters","0",""
"PayBalance","9","CreditMethodItem | PayBalance | PayMethodItem | Payment | ThanksBalancePayment | common | components | icons | useStore","0",""
"Payment","49","AirportParkingInfo | AmountToPay | ApplePayButton | ApplePayError | ApplePayPaymentOption | BillingAddressForm | BoardTypes | BookingDetails | BookingDetailsCollapsed | BookingDetailsExpanded | BookingDetailsQuote | ChallengeShopper | CollapseButton | CreditDebitCardPaymentOption | CreditDebitCardPaymentOptions | ExportHolidayDetails | FastTrackAndServiceLine | FlightsInfo | GuestDetails | HotelInfo | IdentifyShopper | PayBlock | Payment | PaymentErrors | PaymentJumpPopup | PaymentMethodCard | PaymentOptionWrapper | PriceBreakdown | PriceChanged | RouteInfo | SeatAndBags | SeatsInfo | ThreeDS1Frame | TradePortalConfirmBookingDetails | TransferAndBagsRow | UseCredit | UseCreditLogin | applePayService | common | components | icons | logging | trackingHooks | useMediaQuery | useMount | usePaymentInitialization | usePaymentTracking | useStore | validation","2","cmsUrls | fetch(https://www.google-analytics.com/mp/collect?measurement_id=$)"
"PersonalizePlaceholderRender","0","","0",""
"PolicyBanner","3","common | icons | useStore","0",""
"PopUnder","7","PopUnder | PopUnderOfferOptions | booking | common | components | hoc | useStore","0",""
"PriceChanged","3","common | icons | useStore","0",""
"PriceJumpPopup","7","Payment | PriceJumpPopup | PriceJumpPopupContent | common | components | useGoBack | useStore","0",""
"PricePromise","10","PricePromise | PricePromiseStore | PricePromiseSuccessMessage | common | components | icons | offers | useMediaQuery | useStore | validation","0",""
"PriceSummary","12","FeesPopup | HolidaySummaryContent | Payment | PriceSummary | PromocodeInput | SearchResults | common | cro | data | icons | logging | useStore","0",""
"PriceToggle","4","PriceToggle | common | icons | useStore","0",""
"ProductUnavailablePopup","3","ProductUnavailablePopup | common | useMediaQuery","0",""
"PromoBlocks","24","ContentModal | FeaturedDestinationCard | FeaturedDestinations | HotelDetails | IconTextCarousel | IconTextCarouselItem | LinkTileWithBorder | LivePrice | MosaicBlocks | MosaicBlocksItem | MosaicCarousel | MosaicOneRow | PromoBlockItemBig | PromoBlockItemBigPill | PromoBlockItemSmall | PromoBlocks | PromoBlocksCarouselItems | PromoBlocksRenderHelper | common | components | hoc | icons | useMediaQuery | useStore","1","cmsUrls"
"PromoMerchBanner","4","common | icons | logging | useStore","0",""
"PromocodeInput","11","MerchandisedBanner | PriceSummary | PromocodeErrors | PromocodeForm | PromocodeInput | common | components | creditManagement | icons | usePriceLabels | useStore","0",""
"PromopageSearchPod","10","FakeSearchBarInput | PopupSearchPod | PromopageSearchPod | SearchBarInput | common | components | icons | useConstructor | useMediaQuery | useStore","0",""
"PromotionalMessages","4","PromotionalMessages | common | icons | useStore","1","cmsUrls"
"ProtectedBlocks","2","ProtectedBlocks | common","0",""
"QuestionAndAnswer","4","QuestionAndAnswer | common | useMediaQuery | useStore","0",""
"RebookCard","3","RebookCard | common | useStore","1","cmsUrls"
"RedeemVoucher","8","DestinationBreadcrumbs | LoginForm | LoginToRedeemPopup | RedeemVoucher | common | components | icons | useStore","0",""
"RefundBreakdown","3","RefundBreakdown | common | useStore","0",""
"RemainingBalanceReminder","4","RemainingBalanceReminder | common | useMediaQuery | useStore","0",""
"RoomTypes","10","RoomAlterations | RoomIndexLabel | RoomSection | RoomTypes | common | components | cro | icons | useMediaQuery | useStore","0",""
"SEOLinksTabs","2","SEOLinksTabs | common","0",""
"SearchPod","22","BackToSearch | SPMonthHeader | SearchBarAnimatedDropdown | SearchPod | SearchPodCalendar | SearchPodStore | StickyBoxDynamicHeight | YearDropdown | common | components | cro | icons | stores | useClickOutside | useConstructor | useMediaQuery | useMount | usePrefillSearchPod | usePrevious | useStore | useSubmitSearchParameters | useSuggestionsPopupNavigation","1","cmsUrls"
"SearchPodFilters","6","SearchPodFilters | SearchResults | common | icons | useMediaQuery | useStore","0",""
"SearchResults","53","AmendHotel | BoardTypes | BookingInShortlistPopup | CarouselOfferCard | CarouselOfferPrice | CompareDeals | GenericRecommendedHotels | HotelDeposit | HotelDetails | ImageCarouselContainer | NoResults | NoResultsErrorBlock | OfferCardFooter | OfferCardNew | OfferCardOptions | OfferCardPriceItem | OfferCardPriceWithDiscount | OfferKeySellingPoints | OfferPrice | OfferPricePills | OffersCarousel | OffersSort | OffersSortDrawer | OtherRoutesDrawer | OtherRoutesItem | OtherRoutesPopup | PopupContent | PopupHeader | PriceGraphForNoResults | RouteItem | RoutesList | SearchPodFilters | SearchResults | SearchResultsContent | Shortlists | Skeleton | TableHeader | ViewAltBoardsLink | booking | common | components | cro | hoc | icons | offerCard | other | searchResults | useCarouselTracking | useLuggageTextFromOfferAndFields | useMediaQuery | usePrevious | usePriceLabels | useStore","1","cmsUrls"
"SearchResultsMap","4","SearchResultsMap | common | useMediaQuery | useStore","0",""
"SeatAndBags","18","SeatAndBags | SeatConfirmationDesktop | SeatConfirmationMobile | SeatInfoMessages | SeatMapActionPanel | SeatMapPassengersList | SeatMapPricePanel | SeatProducts | SeatSelectionAndLuggageDesktop | SeatSelectionDesktop | SeatsAndBags | SeatsAndBagsLuxuryInternalFlight | common | components | cro | useLuxuryInternalFlight | usePrevious | useStore","0",""
"SeatMap","6","NavigationActionsBlock | SeatMap | SeatMapContent | common | components | useStore","0",""
"SeatsNotAvailablePopup","2","common | useStore","0",""
"Shortlists","16","CompareDeals | DestinationBreadcrumbs | EditToolbar | SearchResults | ShortlistBanner | ShortlistButton | ShortlistRedirectPopup | ShortlistToolbar | Shortlists | ShortlistsNoResults | common | components | icons | useMediaQuery | useMount | useStore","1","cmsUrls"
"SinglePromoCode","5","SingleUsePromoCodePopup | common | logging | useMediaQuery | useStore","0",""
"Sitemap","8","Sitemap | SitemapAnchoredGroup | SitemapAnchoredGroupList | SitemapLinksList | common | components | icons | useStore","0",""
"SlicedBanner","2","SlicedBanner | common","0",""
"SocialBanner","3","SocialBanner | common | icons","0",""
"SocialMediaContent","8","ExportButtons | HotelPoster | SocialMediaContent | common | components | icons | usePriceLabels | useStore","0",""
"SorterWrapper","2","SorterWrapper | useStore","0",""
"SpecialAssistance","6","CustomerCard | SpecialAssistance | SpecialAssistancePopup | common | components | useStore","0",""
"SpecialRequests","21","BookingSpecialRequests | BookingSpecialRequestsAmendPopup | ContradictorySpecialRequestPopup | ExtrasSpecialRequests | ExtrasSpecialRequestsDrawer | ExtrasSpecialRequestsDrawerActions | ExtrasSpecialRequestsDrawerAlerts | SpecialAssistance | SpecialAssistanceDrawer | SpecialAssistancePopup | SpecialRequests | SpecialRequestsAlerts | WarningPopup | common | components | icons | specialRequestsItem | stores | useMediaQuery | useSpecialRequests | useStore","0",""
"SuccessfulAmendmentPopup","5","SuccessfulAmendmentPopup | common | icons | useMount | useStore","1","cmsUrls"
"SummaryBar","14","Payment | SummaryBar | SummaryDetails | SummaryEditButton | SummaryFlightDetails | SummaryHotelDetails | SummaryHotelImagesCarousel | SummaryPriceDetails | common | cro | icons | useLuxuryInternalFlight | useStore | useSummaryBarPosition","0",""
"Tabs","7","Anchor | Anchors | Tabs | common | components | useAnchorScrollTracker | useStore","0",""
"TilesCarousel","12","DescriptionContainer | HotelDetails | InformationBelowTilesVariant | InformationBelowVariantTile | TextOnImageTile | TextOnImageVariant | TilesCarousel | TilesCarouselInterfaces | common | components | useMediaQuery | useStore","0",""
"TradePortalBookingConfirmation","4","ViewBooking | common | static | useStore","0",""
"TradePortalConfirmBookingDetails","5","FeesPopup | Payment | TradePortalConfirmBookingDetails | common | useStore","0",""
"TradePortalFeedback","6","TradePortalFeedback | common | offers | static | useStore | validation","0",""
"TradePortalFindBooking","4","TradePortalFindBooking | common | useStore | validation","0",""
"TradePortalGroupBooking","16","GroupBooking | GroupBookingAgentInformation | GroupBookingCustomersInfo | GroupBookingForm | GroupBookingHeader | GroupBookingHolidayInformation | GroupBookingStore | GroupBookingSuccess | TradePortalGroupBooking | common | components | groupBooking | icons | store | useStore | validation","1","cmsUrls"
"TradePortalLoginForm","7","TradePortalLoginForm | common | components | icons | static | useSSOSession | useStore","0",""
"TradePortalPageHeader","8","RoleRender | TradePortalMenuPromotionalComponent | TradePortalPageHeader | TradePortalSubMenuItem | common | components | icons | useStore","1","cmsUrls"
"TradePortalUserRedirect","1","useStore","0",""
"TradePortalViewBooking","9","HotelDetails | TradePortalViewBookingQuote | ViewBooking | common | components | icons | static | useStore | viewBooking","0",""
"TradePortalViewBookingCost","6","FeesPopup | Payment | TradePortalViewBookingCost | ViewBooking | common | useStore","0",""
"Transfer","12","PriceInfo | SEAccommodationFailPopup | SportEquipmentFees | Transfer | TransferDuration | TransferDurationPromo | TransferHeader | TransferItem | common | icons | usePrivateTransferDurationDiff | useStore","1","cmsUrls"
"TravelChecklist","6","TravelChecklist | TravelChecklistItem | common | components | icons | useStore","0",""
"TravelGroupTab","6","InspireMeTabs | TravelGroupTab | common | icons | useMount | useStore","0",""
"UpcomingHolidayBlock","4","UpcomingHolidayBlock | common | icons | useStore","1","cmsUrls"
"ViewBooking","47","AmendDates | AmendFlights | AmendHotel | AmendNoTransfersPopup | AmendRestrictions | AttentionPopup | BoardTypes | CancelBookingBanner | ConfirmationPoster | HoldLuggageViewBooking | HolidayCost | HotelCheckInPopup | HotelDetails | LoginDrawer | LoginForm | LuggageBanner | ManageHoliday | ManageHolidayEntry | ManageHolidayPopup | ManageHubCTA | Payment | PriceBreakdown | RefundInfo | RefundInfoPopup | RemainingBalance | SearchResults | Toolbar | ViewBooking | ViewBookingHolidayDetails | ViewBookingHotel | ViewBookingHotelGallery | ViewBookingNavigation | ViewBookingPassengers | ViewBookingToolbar | common | components | hoc | holdLuggageViewBooking | icons | logging | static | useAnchorScrollTracker | useLuxuryInternalFlight | useMediaQuery | usePoster | useStore | viewBooking","1","cmsUrls"
"ViewBookings","16","AddBookingCTA | AddBookingPopup | BookingList | BookingsSort | BookingsSortMobile | CreditComponent | NoBookings | PillsBlock | ViewBookings | ViewBookingsBanner | common | components | icons | useMediaQuery | useStore | validation","1","cmsUrls"
"ViewHolidaysResults","4","ViewHolidaysResults | common | useHolidaysDestinationPageTypeName | useStore","0",""
"WarningPopup","2","WarningPopup | common","0",""
"WeatherDataCarousel","9","WeatherDataCard | WeatherDataCarousel | common | components | hoc | offers | useStore | weatherData | weatherDataService","0",""
"WhyBookWithUsCarousel","9","ConfidenceModuleTransformer | InformationTiles | WhyBookWithUsCarousel | common | components | cro | hoc | static | useStore","0",""
"iframe","17","HolidayCard | HolidayCardBody | HolidayCardCTA | HolidayCardFlight | HolidayCardHeader | HolidayCardImage | HolidayPrice | HotelDetails | IframeHolidaysCarousel | IframeHolidaysHeader | ViewAllCard | ViewAllCardBackground | common | components | icons | useMediaQuery | useStore","0",""
"static","17","AirlinesPageHeader | AppHeader | BackButton | Imagery | MenuPromotionalComponent | PageFooterCopyright | SearchResults | ShortlistLink | SubMenuItem | SubMenuItemMobile | common | hoc | icons | static | useIsMounted | useMediaQuery | useStore","0",""
"ATOLProtection","2","common | useStore","0",""
"Accordion","1","common","0",""
"BookingContactUs","1","common","0",""
"ConfidenceModuleTransformer","3","InformationTiles | common | hoc","0",""
"DestinationBreadcrumbs","3","common | icons | useStore","0",""
"DynamicPromoTextBlock","0","","0",""
"HtmlBlock","0","","0",""
"InfoWithActionBlock","1","common","0",""
"InformationBlock","1","common","0",""
"LoginMaintenanceMode","1","common","0",""
"LoginToShortlistPopup","1","common","0",""
"MaintenanceShortlistModalDialog","2","ModalDialog | useStore","0",""
"ManageCookiesPreferences","1","common","0",""
"ModalDialog","2","common | useStore","0",""
"NeedHelpBlock","2","common | useStore","0",""
"OurPolicies","1","common","0",""
"PartnershipsAndCertificates","1","common","0",""
"PlainText","1","PlainText","0",""
"PromotionBanner","4","PromotionBanner | common | usePriceLabels | useStore","1","cmsUrls"
"Schema","1","useStore","0",""
"SubscribeBlock","3","SubscribeBlock | common | useStore","0",""
"TextBlock","2","common | useStore","0",""
"TravelAware","1","common","0",""
"TravelInsurance","1","common","0",""
